157531,157531,158991,159798,160948,161688,162476,162476,162476,164492,165302,166256,167119,167119,167119,167119,170285,171222,172373,173632,174823,174823,174823,177439,178527,179534,180878,182284,182284,182284,185622,186538,188108,189730,191226,191226,191226,194638,196180,197476,199257,201051,201051,201051,205357,207033,209258,211239,213318,213318,213318,219250,221292,224169,227169,230392,230392,230392,234041,236755,239339,248958,260292,260292,260292,277339,282831,289622,295601,305522,305522,305522,328847,338615,347276,361553,371135,371135,371135,371135
444,444,549,761,1058,1423,3554,3554,4903,5806,7153,11177,13522,16678,19665,22112,24953,27100,29631,31728,33366,33366,48206,54406,56249,58182,59989,61682,62031,62442,62662,64084,64084,64287,64786,65187,65596,65914,66337,66907,67103,67217,67332,67466,67592,67666,67707,67743,67760,67773,67781,67786,67790,67794,67798,67799,67800,67800,67800,67800,67800,67800,67801,67801,67801,67801,67801,67801,67801,67801,67802,67802,67802,67803,67803,67803,67803,67803,67803,67803
1722115,1722343,1722427,1722648,1722912,1723070,1723295,1723525,1723682,1723782,1723976,1724172,1724379,1724573,1724767,1724893,1724967,1725111,1725310,1725458,1725611,1725715,1725850,1725894,1726001,1726074,1726186,1726299,1726419,1726479,1726555,1726636,1726751,1726864,1727005,1727125,1727229,1727283,1727382,1727504,1727658,1727794,1727925,1728023,1728090,1728218,1728377,1728540,1728701,1728880,1729030,1729139,1729357,1729577,1729824,1730084,1730347,1730572,1730735,1731048,1731446,1731878,1732296,1732752,1733229,1733901,1735050,1737540,1741837,1747907,1756209,1764280,1770545,1776780,1789824,1808501,1830381,1856002,1881481,1902304
364700,366386,367974,370640,373120,375464,377712,379935,381694,383407,385831,388351,390719,393042,395460,397466,399591,402775,406065,409099,412311,415425,418252,420950,425065,429002,432901,436968,440896,444200,447230,452350,457612,457612,467907,473034,477358,482310,489484,496584,503606,510583,517271,523088,528652,536495,544117,551551,558864,565098,570414,575615,583065,589978,596209,602045,607463,611670,615532,620938,625967,630838,635253,639083,642207,645226,649669,653792,657508,661015,664391,667390,670483,674868,679030,683566,687984,692174,696032,700102
739448,742170,747595,754451,760592,767376,774265,780621,784904,792239,801208,808297,815068,821900,828032,831874,838824,847188,853841,861117,868868,874812,878920,886207,894555,901661,908222,914824,920683,924506,931183,938903,945095,951351,957552,962695,966221,971148,978402,984301,989814,994901,999652,1002877,1006706,1012659,1017445,1022141,1026902,1031239,1034070,1037759,1044301,1049936,1056583,1064243,1070833,1074869,1084153,1105885,1134713,1170293,1210853,1240862,1258495,1294741,1344923,1388309,1422020,1451354,1489024,1507616,1535382,1568215,1592460,1612869,1632641,1650088,1660871,1679705
4608512,4607958,4619273,4649964,4684462,4722102,4755887,4779675,4792463,4816177,4857463,4908540,4957374,5002730,5037039,5056242,5091200,5144827,5213193,5271961,5329263,5374446,5400687,5448574,5516623,5595674,5670253,5735837,5780814,5804139,5854884,5923564,5999020,6072299,6134492,6177992,6200937,6219259,6312346,6339828,6442846,6496142,6528894,6546010,6581433,6633666,6690568,6741968,6757684,6813287,6812746,6834488,6899437,6943750,6978170,6982238,6999476,7009648,7028398,7059396,7129352,7171422,7193186,7196154,7208790,7258803,7320708,7388045,7447155,7499776,7531904,7553743,7570361,7690632,7776864,7866784,7943959,7988210,8021339,8104157
3018100,3025247,3030151,3034668,3045102,3060613,3076518,3091713,3104220,3111534,3125179,3143725,3162804,3175769,3190067,3204515,3214023,3230634,3254875,3279787,3303046,3326464,3345388,3357763,3377698,3406129,3434272,3461066,3487254,3507828,3520961,3540061,3569137,3596491,3623452,3649027,3671421,3684671,3704040,3732589,3760048,3785036,3808798,3828248,3839625,3857085,3881349,3903445,3923472,3942864,3958840,3968450,3982257,4000270,4017420,4032796,4043585,4049838,4054865,4064715,4080282,4094608,4108215,4120248,4127428,4133851,4145518,4162715,4179292,4191193,4202090,4213197,4220984,4232386,4248559,4265433,4281482,4298375,4313036,4323482
8338053,8377984,8417305,8455232,8494589,8533706,8573323,8613533,8651561,8689818,8727817,8764713,8804297,8843238,8881306,8918926,8956136,8991748,9027163,9063318,9099253,9135149,9170898,9205431,9238330,9270885,9303751,9337575,9370694,9403480,9436650,9468640,9500836,9533593,9565909,9598283,9630296,9661865,9692411,9722639,9752340,9782723,9812538,9842021,9871229,9899139,9927150,9955308,9982735,10009866,10037546,10064290,10089945,10114983,10140429,10164951,10189722,10213265,10236301,10258052,10279009,10299923,10320405,10340011,10358099,10374292,10390052,10405684,10420863,10437471,10453895,10470006,10485705,10503101,10520898,10541870,10565484,10592433,10621410,10651867
45976345,46008043,46122025,46193142,46277718,46359547,46455633,46489691,46525587,46636193,46716515,46811535,46868700,47013598,47056153,47087244,47224088,47311933,47423663,47534012,47659878,47703578,47742507,47890212,47982936,48094582,48129386,48181478,48206970,48249119,48441916,48559401,48698016,48836459,48994498,49053744,49103544,49283333,49396636,49547506,49669723,49840459,49895225,49945791,50133081,50249175,50393307,50535049,50728000,50804479,50891397,51133632,51312742,51554543,51823961,52043671,52101120,52284181,52829021,53185561,53684570,54277214,54751469,54868979,55119433,56296745,57101430,57742847,58556782,59410140,59790452,60261705,61626123,62385927,63285605,64062060,64920670,65445434,65703875,66421749
5909402,5916211,5924638,5934495,5944599,5954962,5964824,5973457,5980260,5987814,5996155,6004460,6012408,6019947,6027269,6031575,6037718,6045212,6051642,6057893,6063775,6069559,6073098,6077438,6082865,6088009,6092822,6097672,6102056,6105101,6108882,6113192,6117445,6121757,6125596,6129199,6131356,6134465,6137821,6141335,6144644,6147872,6150843,6152524,6154813,6157519,6160303,6162954,6165454,6167650,6169011,6170979,6173369,6175782,6177885,6179817,6181784,6182905,6184762,6186729,6188857,6190762,6192698,6194401,6195403,6196913,6198590,6200296,6201467,6203046,6204224,6204925,6206405,6208337,6210298,6212387,6214781,6217320,6218741,6221033
21808495,21814625,21819251,21825169,21841479,21854726,21867724,21878897,21884558,21891439,21903249,21918229,21933767,21948366,21957724,21962026,21964769,21971337,21984449,21995851,22008224,22016439,22021527,22025668,22038108,22050362,22062645,22073524,22081833,22085369,22089858,22100143,22112425,22124356,22134978,22142385,22147078,22153095,22163231,22173363,22182116,22189181,22191865,22193480,22196250,22200629,22205707,22209368,22213731,22216112,22217570,22220209,22223943,22227169,22230943,22234623,22238297,22243266,22250218,22259270,22269031,22281649,22291839,22295621,22297427,22309081,22328252,22351104,22386930,22450222,22499525,22529183,22563104,22636359,22724232,22822177,22933289,22981851,23015128,23089509
